"Package","Version","Source","Type","Title","License","URL","Author","Maintainer","Repository"
"DT","0.33","Repository","Package","A Wrapper of the JavaScript Library 'DataTables'","GPL-3 | file LICENSE","https://github.com/rstudio/DT","Yihui Xie [aut], Joe Cheng [aut, cre], Xianying Tan [aut], JJ Allaire [ctb], Maximilian Girlich [ctb], Greg Freedman Ellis [ctb], Johannes Rauh [ctb], SpryMedia Limited [ctb, cph] (DataTables in htmlwidgets/lib), Brian Reavis [ctb, cph] (selectize.js in htmlwidgets/lib), Leon Gersen [ctb, cph] (noUiSlider in htmlwidgets/lib), Bartek Szopka [ctb, cph] (jquery.highlight.js in htmlwidgets/lib), Alex Pickering [ctb], William Holmes [ctb], Mikko Marttila [ctb], Andres Quintero [ctb], Stéphane Laurent [ctb], Posit Software, PBC [cph, fnd]","Joe Cheng <joe@posit.co>","CRAN"
"MASS","7.3-65","Repository","","Support Functions and Datasets for Venables and Ripley's MASS","GPL-2 | GPL-3","http://www.stats.ox.ac.uk/pub/MASS4/","Brian Ripley [aut, cre, cph], Bill Venables [aut, cph], Douglas M. Bates [ctb], Kurt Hornik [trl] (partial port ca 1998), Albrecht Gebhardt [trl] (partial port ca 1998), David Firth [ctb] (support functions for polr)","Brian Ripley <Brian.Ripley@R-project.org>","CRAN"
"Matrix","1.7-3","Repository","","Sparse and Dense Matrix Classes and Methods","GPL (>= 2) | file LICENCE","https://Matrix.R-forge.R-project.org","Douglas Bates [aut] (<https://orcid.org/0000-0001-8316-9503>), Martin Maechler [aut, cre] (<https://orcid.org/0000-0002-8685-9910>), Mikael Jagan [aut] (<https://orcid.org/0000-0002-3542-2938>), Timothy A. Davis [ctb] (<https://orcid.org/0000-0001-7614-6899>, SuiteSparse libraries, collaborators listed in dir(system.file(""doc"", ""SuiteSparse"", package=""Matrix""), pattern=""License"", full.names=TRUE, recursive=TRUE)), George Karypis [ctb] (<https://orcid.org/0000-0003-2753-1437>, METIS library, Copyright: Regents of the University of Minnesota), Jason Riedy [ctb] (<https://orcid.org/0000-0002-4345-4200>, GNU Octave's condest() and onenormest(), Copyright: Regents of the University of California), Jens Oehlschlägel [ctb] (initial nearPD()), R Core Team [ctb] (02zz1nj61, base R's matrix implementation)","Martin Maechler <mmaechler+Matrix@gmail.com>","CRAN"
"R.cache","0.17.0","Repository","","Fast and Light-Weight Caching (Memoization) of Objects and Results to Speed Up Computations","LGPL (>= 2.1)","https://github.com/HenrikBengtsson/R.cache","Henrik Bengtsson [aut, cre, cph]","Henrik Bengtsson <henrikb@braju.com>","CRAN"
"R.methodsS3","1.8.2","Repository","","S3 Methods Simplified","LGPL (>= 2.1)","https://github.com/HenrikBengtsson/R.methodsS3","Henrik Bengtsson [aut, cre, cph]","Henrik Bengtsson <henrikb@braju.com>","CRAN"
"R.oo","1.27.1","Repository","","R Object-Oriented Programming with or without References","LGPL (>= 2.1)","https://henrikbengtsson.github.io/R.oo/, https://github.com/HenrikBengtsson/R.oo","Henrik Bengtsson [aut, cre, cph]","Henrik Bengtsson <henrikb@braju.com>","CRAN"
"R.utils","2.13.0","Repository","","Various Programming Utilities","LGPL (>= 2.1)","https://henrikbengtsson.github.io/R.utils/, https://github.com/HenrikBengtsson/R.utils","Henrik Bengtsson [aut, cre, cph]","Henrik Bengtsson <henrikb@braju.com>","CRAN"
"R6","2.6.1","Repository","","Encapsulated Classes with Reference Semantics","MIT + file LICENSE","https://r6.r-lib.org, https://github.com/r-lib/R6","Winston Chang [aut, cre], Posit Software, PBC [cph, fnd]","Winston Chang <winston@posit.co>","CRAN"
"RColorBrewer","1.1-3","Repository","","ColorBrewer Palettes","Apache License 2.0","","Erich Neuwirth [aut, cre]","Erich Neuwirth <erich.neuwirth@univie.ac.at>","CRAN"
"Rcpp","1.1.0","Repository","","Seamless R and C++ Integration","GPL (>= 2)","https://www.rcpp.org, https://dirk.eddelbuettel.com/code/rcpp.html, https://github.com/RcppCore/Rcpp","Dirk Eddelbuettel [aut, cre] (ORCID: <https://orcid.org/0000-0001-6419-907X>), Romain Francois [aut] (ORCID: <https://orcid.org/0000-0002-2444-4226>), JJ Allaire [aut] (ORCID: <https://orcid.org/0000-0003-0174-9868>), Kevin Ushey [aut] (ORCID: <https://orcid.org/0000-0003-2880-7407>), Qiang Kou [aut] (ORCID: <https://orcid.org/0000-0001-6786-5453>), Nathan Russell [aut], Iñaki Ucar [aut] (ORCID: <https://orcid.org/0000-0001-6403-5550>), Doug Bates [aut] (ORCID: <https://orcid.org/0000-0001-8316-9503>), John Chambers [aut]","Dirk Eddelbuettel <edd@debian.org>","CRAN"
"RcppTOML","0.2.3","Repository","Package","'Rcpp' Bindings to Parser for ""Tom's Obvious Markup Language""","GPL (>= 2)","http://dirk.eddelbuettel.com/code/rcpp.toml.html","Dirk Eddelbuettel [aut, cre] (<https://orcid.org/0000-0001-6419-907X>), Mark Gillard [aut] (Author of 'toml++' header library)","Dirk Eddelbuettel <edd@debian.org>","CRAN"
"askpass","1.2.1","Repository","Package","Password Entry Utilities for R, Git, and SSH","MIT + file LICENSE","https://r-lib.r-universe.dev/askpass","Jeroen Ooms [aut, cre] (<https://orcid.org/0000-0002-4035-0289>)","Jeroen Ooms <jeroenooms@gmail.com>","CRAN"
"backports","1.5.0","Repository","Package","Reimplementations of Functions Introduced Since R-3.0.0","GPL-2 | GPL-3","https://github.com/r-lib/backports","Michel Lang [cre, aut] (<https://orcid.org/0000-0001-9754-0393>), Duncan Murdoch [aut], R Core Team [aut]","Michel Lang <michellang@gmail.com>","CRAN"
"base64enc","0.1-3","Repository","","Tools for base64 encoding","GPL-2 | GPL-3","http://www.rforge.net/base64enc","Simon Urbanek <Simon.Urbanek@r-project.org>","Simon Urbanek <Simon.Urbanek@r-project.org>","CRAN"
"box","1.2.0","Repository","","Write Reusable, Composable and Modular R Code","MIT + file LICENSE","https://klmr.me/box/, https://github.com/klmr/box","Konrad Rudolph [aut, cre] (<https://orcid.org/0000-0002-9866-7051>), Michael Schubert [ctb] (<https://orcid.org/0000-0002-6862-5221>)","Konrad Rudolph <konrad.rudolph@gmail.com>","CRAN"
"box.linters","0.10.6","Repository","","Linters for 'box' Modules","LGPL-3","https://appsilon.github.io/box.linters/, https://github.com/Appsilon/box.linters","Ricardo Rodrigo Basa [aut, cre], Jakub Nowicki [aut], Mateusz Kołomański [ctb], Guilherme Vituri [ctb], Appsilon Sp. z o.o. [cph]","Ricardo Rodrigo Basa <opensource+rodrigo@appsilon.com>","CRAN"
"box.lsp","0.1.3","Repository","","Provides 'box' Compatibility for 'languageserver'","LGPL-3","https://github.com/Appsilon/box.lsp, https://appsilon.github.io/box.lsp/","Ricardo Rodrigo Basa [aut, cre], Pavel Demin [aut], Jakub Nowicki [aut], Appsilon Sp. z o.o. [cph]","Ricardo Rodrigo Basa <opensource+rodrigo@appsilon.com>","CRAN"
"brio","1.1.5","Repository","","Basic R Input Output","MIT + file LICENSE","https://brio.r-lib.org, https://github.com/r-lib/brio","Jim Hester [aut] (<https://orcid.org/0000-0002-2739-7082>), Gábor Csárdi [aut, cre], Posit Software, PBC [cph, fnd]","Gábor Csárdi <csardi.gabor@gmail.com>","CRAN"
"bslib","0.9.0","Repository","","Custom 'Bootstrap' 'Sass' Themes for 'shiny' and 'rmarkdown'","MIT + file LICENSE","https://rstudio.github.io/bslib/, https://github.com/rstudio/bslib","Carson Sievert [aut, cre] (<https://orcid.org/0000-0002-4958-2844>), Joe Cheng [aut], Garrick Aden-Buie [aut] (<https://orcid.org/0000-0002-7111-0077>), Posit Software, PBC [cph, fnd], Bootstrap contributors [ctb] (Bootstrap library), Twitter, Inc [cph] (Bootstrap library), Javi Aguilar [ctb, cph] (Bootstrap colorpicker library), Thomas Park [ctb, cph] (Bootswatch library), PayPal [ctb, cph] (Bootstrap accessibility plugin)","Carson Sievert <carson@posit.co>","CRAN"
"cachem","1.1.0","Repository","","Cache R Objects with Automatic Pruning","MIT + file LICENSE","https://cachem.r-lib.org/, https://github.com/r-lib/cachem","Winston Chang [aut, cre], Posit Software, PBC [cph, fnd]","Winston Chang <winston@posit.co>","CRAN"
"callr","3.7.6","Repository","","Call R from R","MIT + file LICENSE","https://callr.r-lib.org, https://github.com/r-lib/callr","Gábor Csárdi [aut, cre, cph] (<https://orcid.org/0000-0001-7098-9676>), Winston Chang [aut], Posit Software, PBC [cph, fnd], Ascent Digital Services [cph, fnd]","Gábor Csárdi <csardi.gabor@gmail.com>","CRAN"
"cli","3.6.5","Repository","","Helpers for Developing Command Line Interfaces","MIT + file LICENSE","https://cli.r-lib.org, https://github.com/r-lib/cli","Gábor Csárdi [aut, cre], Hadley Wickham [ctb], Kirill Müller [ctb], Salim Brüggemann [ctb] (<https://orcid.org/0000-0002-5329-5987>), Posit Software, PBC [cph, fnd]","Gábor Csárdi <gabor@posit.co>","CRAN"
"clipr","0.8.0","Repository","Package","Read and Write from the System Clipboard","GPL-3","https://github.com/mdlincoln/clipr, http://matthewlincoln.net/clipr/","Matthew Lincoln [aut, cre] (<https://orcid.org/0000-0002-4387-3384>), Louis Maddox [ctb], Steve Simpson [ctb], Jennifer Bryan [ctb]","Matthew Lincoln <matthew.d.lincoln@gmail.com>","CRAN"
"codetools","0.2-20","Repository","","Code Analysis Tools for R","GPL","https://gitlab.com/luke-tierney/codetools","Luke Tierney <luke-tierney@uiowa.edu>","Luke Tierney <luke-tierney@uiowa.edu>","CRAN"
"common","1.1.3","Repository","Package","Solutions for Common Problems in Base R","CC0","https://common.r-sassy.org, https://github.com/dbosak01/common","David Bosak [aut, cre], Duong Tran [ctb]","David Bosak <dbosak01@gmail.com>","CRAN"
"commonmark","2.0.0","Repository","Package","High Performance CommonMark and Github Markdown Rendering in R","BSD_2_clause + file LICENSE","https://docs.ropensci.org/commonmark/ https://ropensci.r-universe.dev/commonmark","Jeroen Ooms [aut, cre] (ORCID: <https://orcid.org/0000-0002-4035-0289>), John MacFarlane [cph] (Author of cmark)","Jeroen Ooms <jeroenooms@gmail.com>","CRAN"
"config","0.3.2","Repository","Package","Manage Environment Specific Configuration Values","GPL-3","https://rstudio.github.io/config/, https://github.com/rstudio/config","JJ Allaire [aut], Andrie de Vries [cre], Posit Software, PBC [cph, fnd]","Andrie de Vries <apdevries@gmail.com>","CRAN"
"cpp11","0.5.2","Repository","","A C++11 Interface for R's C Interface","MIT + file LICENSE","https://cpp11.r-lib.org, https://github.com/r-lib/cpp11","Davis Vaughan [aut, cre] (<https://orcid.org/0000-0003-4777-038X>), Jim Hester [aut] (<https://orcid.org/0000-0002-2739-7082>), Romain François [aut] (<https://orcid.org/0000-0002-2444-4226>), Benjamin Kietzman [ctb], Posit Software, PBC [cph, fnd]","Davis Vaughan <davis@posit.co>","CRAN"
"crayon","1.5.3","Repository","","Colored Terminal Output","MIT + file LICENSE","https://r-lib.github.io/crayon/, https://github.com/r-lib/crayon","Gábor Csárdi [aut, cre], Brodie Gaslam [ctb], Posit Software, PBC [cph, fnd]","Gábor Csárdi <csardi.gabor@gmail.com>","CRAN"
"crosstalk","1.2.1","Repository","Package","Inter-Widget Interactivity for HTML Widgets","MIT + file LICENSE","https://rstudio.github.io/crosstalk/, https://github.com/rstudio/crosstalk","Joe Cheng [aut], Carson Sievert [aut, cre] (<https://orcid.org/0000-0002-4958-2844>), Posit Software, PBC [cph, fnd], jQuery Foundation [cph] (jQuery library and jQuery UI library), jQuery contributors [ctb, cph] (jQuery library; authors listed in inst/www/shared/jquery-AUTHORS.txt), Mark Otto [ctb] (Bootstrap library), Jacob Thornton [ctb] (Bootstrap library), Bootstrap contributors [ctb] (Bootstrap library), Twitter, Inc [cph] (Bootstrap library), Brian Reavis [ctb, cph] (selectize.js library), Kristopher Michael Kowal [ctb, cph] (es5-shim library), es5-shim contributors [ctb, cph] (es5-shim library), Denis Ineshin [ctb, cph] (ion.rangeSlider library), Sami Samhuri [ctb, cph] (Javascript strftime library)","Carson Sievert <carson@posit.co>","CRAN"
"curl","6.4.0","Repository","Package","A Modern and Flexible Web Client for R","MIT + file LICENSE","https://jeroen.r-universe.dev/curl","Jeroen Ooms [aut, cre] (ORCID: <https://orcid.org/0000-0002-4035-0289>), Hadley Wickham [ctb], Posit Software, PBC [cph]","Jeroen Ooms <jeroenooms@gmail.com>","CRAN"
"data.table","1.17.8","Repository","","Extension of `data.frame`","MPL-2.0 | file LICENSE","https://r-datatable.com, https://Rdatatable.gitlab.io/data.table, https://github.com/Rdatatable/data.table","Tyson Barrett [aut, cre] (ORCID: <https://orcid.org/0000-0002-2137-1391>), Matt Dowle [aut], Arun Srinivasan [aut], Jan Gorecki [aut], Michael Chirico [aut] (ORCID: <https://orcid.org/0000-0003-0787-087X>), Toby Hocking [aut] (ORCID: <https://orcid.org/0000-0002-3146-0865>), Benjamin Schwendinger [aut] (ORCID: <https://orcid.org/0000-0003-3315-8114>), Ivan Krylov [aut] (ORCID: <https://orcid.org/0000-0002-0172-3812>), Pasha Stetsenko [ctb], Tom Short [ctb], Steve Lianoglou [ctb], Eduard Antonyan [ctb], Markus Bonsch [ctb], Hugh Parsonage [ctb], Scott Ritchie [ctb], Kun Ren [ctb], Xianying Tan [ctb], Rick Saporta [ctb], Otto Seiskari [ctb], Xianghui Dong [ctb], Michel Lang [ctb], Watal Iwasaki [ctb], Seth Wenchel [ctb], Karl Broman [ctb], Tobias Schmidt [ctb], David Arenburg [ctb], Ethan Smith [ctb], Francois Cocquemas [ctb], Matthieu Gomez [ctb], Philippe Chataignon [ctb], Nello Blaser [ctb], Dmitry Selivanov [ctb], Andrey Riabushenko [ctb], Cheng Lee [ctb], Declan Groves [ctb], Daniel Possenriede [ctb], Felipe Parages [ctb], Denes Toth [ctb], Mus Yaramaz-David [ctb], Ayappan Perumal [ctb], James Sams [ctb], Martin Morgan [ctb], Michael Quinn [ctb], @javrucebo [ctb], @marc-outins [ctb], Roy Storey [ctb], Manish Saraswat [ctb], Morgan Jacob [ctb], Michael Schubmehl [ctb], Davis Vaughan [ctb], Leonardo Silvestri [ctb], Jim Hester [ctb], Anthony Damico [ctb], Sebastian Freundt [ctb], David Simons [ctb], Elliott Sales de Andrade [ctb], Cole Miller [ctb], Jens Peder Meldgaard [ctb], Vaclav Tlapak [ctb], Kevin Ushey [ctb], Dirk Eddelbuettel [ctb], Tony Fischetti [ctb], Ofek Shilon [ctb], Vadim Khotilovich [ctb], Hadley Wickham [ctb], Bennet Becker [ctb], Kyle Haynes [ctb], Boniface Christian Kamgang [ctb], Olivier Delmarcell [ctb], Josh O'Brien [ctb], Dereck de Mezquita [ctb], Michael Czekanski [ctb], Dmitry Shemetov [ctb], Nitish Jha [ctb], Joshua Wu [ctb], Iago Giné-Vázquez [ctb], Anirban Chetia [ctb], Doris Amoakohene [ctb], Angel Feliz [ctb], Michael Young [ctb], Mark Seeto [ctb], Philippe Grosjean [ctb], Vincent Runge [ctb], Christian Wia [ctb], Elise Maigné [ctb], Vincent Rocher [ctb], Vijay Lulla [ctb], Aljaž Sluga [ctb], Bill Evans [ctb]","Tyson Barrett <t.barrett88@gmail.com>","CRAN"
"desc","1.4.3","Repository","","Manipulate DESCRIPTION Files","MIT + file LICENSE","https://desc.r-lib.org/, https://github.com/r-lib/desc","Gábor Csárdi [aut, cre], Kirill Müller [aut], Jim Hester [aut], Maëlle Salmon [ctb] (<https://orcid.org/0000-0002-2815-0399>), Posit Software, PBC [cph, fnd]","Gábor Csárdi <csardi.gabor@gmail.com>","CRAN"
"diffobj","0.3.6","Repository","Package","Diffs for R Objects","GPL-2 | GPL-3","https://github.com/brodieG/diffobj","Brodie Gaslam [aut, cre], Michael B. Allen [ctb, cph] (Original C implementation of Myers Diff Algorithm)","Brodie Gaslam <brodie.gaslam@yahoo.com>","CRAN"
"digest","0.6.37","Repository","","Create Compact Hash Digests of R Objects","GPL (>= 2)","https://github.com/eddelbuettel/digest, https://dirk.eddelbuettel.com/code/digest.html","Dirk Eddelbuettel [aut, cre] (<https://orcid.org/0000-0001-6419-907X>), Antoine Lucas [ctb], Jarek Tuszynski [ctb], Henrik Bengtsson [ctb] (<https://orcid.org/0000-0002-7579-5165>), Simon Urbanek [ctb] (<https://orcid.org/0000-0003-2297-1732>), Mario Frasca [ctb], Bryan Lewis [ctb], Murray Stokely [ctb], Hannes Muehleisen [ctb], Duncan Murdoch [ctb], Jim Hester [ctb], Wush Wu [ctb] (<https://orcid.org/0000-0001-5180-0567>), Qiang Kou [ctb] (<https://orcid.org/0000-0001-6786-5453>), Thierry Onkelinx [ctb] (<https://orcid.org/0000-0001-8804-4216>), Michel Lang [ctb] (<https://orcid.org/0000-0001-9754-0393>), Viliam Simko [ctb], Kurt Hornik [ctb] (<https://orcid.org/0000-0003-4198-9911>), Radford Neal [ctb] (<https://orcid.org/0000-0002-2473-3407>), Kendon Bell [ctb] (<https://orcid.org/0000-0002-9093-8312>), Matthew de Queljoe [ctb], Dmitry Selivanov [ctb], Ion Suruceanu [ctb], Bill Denney [ctb], Dirk Schumacher [ctb], András Svraka [ctb], Sergey Fedorov [ctb], Will Landau [ctb] (<https://orcid.org/0000-0003-1878-3253>), Floris Vanderhaeghe [ctb] (<https://orcid.org/0000-0002-6378-6229>), Kevin Tappe [ctb], Harris McGehee [ctb], Tim Mastny [ctb], Aaron Peikert [ctb] (<https://orcid.org/0000-0001-7813-818X>), Mark van der Loo [ctb] (<https://orcid.org/0000-0002-9807-4686>), Chris Muir [ctb] (<https://orcid.org/0000-0003-2555-3878>), Moritz Beller [ctb] (<https://orcid.org/0000-0003-4852-0526>), Sebastian Campbell [ctb], Winston Chang [ctb] (<https://orcid.org/0000-0002-1576-2126>), Dean Attali [ctb] (<https://orcid.org/0000-0002-5645-3493>), Michael Chirico [ctb] (<https://orcid.org/0000-0003-0787-087X>), Kevin Ushey [ctb]","Dirk Eddelbuettel <edd@debian.org>","CRAN"
"dplyr","1.1.4","Repository","Package","A Grammar of Data Manipulation","MIT + file LICENSE","https://dplyr.tidyverse.org, https://github.com/tidyverse/dplyr","Hadley Wickham [aut, cre] (<https://orcid.org/0000-0003-4757-117X>), Romain François [aut] (<https://orcid.org/0000-0002-2444-4226>), Lionel Henry [aut], Kirill Müller [aut] (<https://orcid.org/0000-0002-1416-3412>), Davis Vaughan [aut] (<https://orcid.org/0000-0003-4777-038X>), Posit Software, PBC [cph, fnd]","Hadley Wickham <hadley@posit.co>","CRAN"
"evaluate","1.0.4","Repository","Package","Parsing and Evaluation Tools that Provide More Details than the Default","MIT + file LICENSE","https://evaluate.r-lib.org/, https://github.com/r-lib/evaluate","Hadley Wickham [aut, cre], Yihui Xie [aut] (ORCID: <https://orcid.org/0000-0003-0645-5666>), Michael Lawrence [ctb], Thomas Kluyver [ctb], Jeroen Ooms [ctb], Barret Schloerke [ctb], Adam Ryczkowski [ctb], Hiroaki Yutani [ctb], Michel Lang [ctb], Karolis Koncevičius [ctb], Posit Software, PBC [cph, fnd]","Hadley Wickham <hadley@posit.co>","CRAN"
"farver","2.1.2","Repository","Package","High Performance Colour Space Manipulation","MIT + file LICENSE","https://farver.data-imaginist.com, https://github.com/thomasp85/farver","Thomas Lin Pedersen [cre, aut] (<https://orcid.org/0000-0002-5147-4711>), Berendea Nicolae [aut] (Author of the ColorSpace C++ library), Romain François [aut] (<https://orcid.org/0000-0002-2444-4226>), Posit, PBC [cph, fnd]","Thomas Lin Pedersen <thomas.pedersen@posit.co>","CRAN"
"fastmap","1.2.0","Repository","","Fast Data Structures","MIT + file LICENSE","https://r-lib.github.io/fastmap/, https://github.com/r-lib/fastmap","Winston Chang [aut, cre], Posit Software, PBC [cph, fnd], Tessil [cph] (hopscotch_map library)","Winston Chang <winston@posit.co>","CRAN"
"fontawesome","0.5.3","Repository","Package","Easily Work with 'Font Awesome' Icons","MIT + file LICENSE","https://github.com/rstudio/fontawesome, https://rstudio.github.io/fontawesome/","Richard Iannone [aut, cre] (<https://orcid.org/0000-0003-3925-190X>), Christophe Dervieux [ctb] (<https://orcid.org/0000-0003-4474-2498>), Winston Chang [ctb], Dave Gandy [ctb, cph] (Font-Awesome font), Posit Software, PBC [cph, fnd]","Richard Iannone <rich@posit.co>","CRAN"
"fs","1.6.6","Repository","","Cross-Platform File System Operations Based on 'libuv'","MIT + file LICENSE","https://fs.r-lib.org, https://github.com/r-lib/fs","Jim Hester [aut], Hadley Wickham [aut], Gábor Csárdi [aut, cre], libuv project contributors [cph] (libuv library), Joyent, Inc. and other Node contributors [cph] (libuv library), Posit Software, PBC [cph, fnd]","Gábor Csárdi <csardi.gabor@gmail.com>","CRAN"
"generics","0.1.4","Repository","","Common S3 Generics not Provided by Base R Methods Related to Model Fitting","MIT + file LICENSE","https://generics.r-lib.org, https://github.com/r-lib/generics","Hadley Wickham [aut, cre] (ORCID: <https://orcid.org/0000-0003-4757-117X>), Max Kuhn [aut], Davis Vaughan [aut], Posit Software, PBC [cph, fnd] (ROR: <https://ror.org/03wc8by49>)","Hadley Wickham <hadley@posit.co>","CRAN"
"ggplot2","3.5.2","Repository","","Create Elegant Data Visualisations Using the Grammar of Graphics","MIT + file LICENSE","https://ggplot2.tidyverse.org, https://github.com/tidyverse/ggplot2","Hadley Wickham [aut] (<https://orcid.org/0000-0003-4757-117X>), Winston Chang [aut] (<https://orcid.org/0000-0002-1576-2126>), Lionel Henry [aut], Thomas Lin Pedersen [aut, cre] (<https://orcid.org/0000-0002-5147-4711>), Kohske Takahashi [aut], Claus Wilke [aut] (<https://orcid.org/0000-0002-7470-9261>), Kara Woo [aut] (<https://orcid.org/0000-0002-5125-4188>), Hiroaki Yutani [aut] (<https://orcid.org/0000-0002-3385-7233>), Dewey Dunnington [aut] (<https://orcid.org/0000-0002-9415-4582>), Teun van den Brand [aut] (<https://orcid.org/0000-0002-9335-7468>), Posit, PBC [cph, fnd]","Thomas Lin Pedersen <thomas.pedersen@posit.co>","CRAN"
"glue","1.8.0","Repository","","Interpreted String Literals","MIT + file LICENSE","https://glue.tidyverse.org/, https://github.com/tidyverse/glue","Jim Hester [aut] (<https://orcid.org/0000-0002-2739-7082>), Jennifer Bryan [aut, cre] (<https://orcid.org/0000-0002-6983-2759>), Posit Software, PBC [cph, fnd]","Jennifer Bryan <jenny@posit.co>","CRAN"
"gtable","0.3.6","Repository","","Arrange 'Grobs' in Tables","MIT + file LICENSE","https://gtable.r-lib.org, https://github.com/r-lib/gtable","Hadley Wickham [aut], Thomas Lin Pedersen [aut, cre], Posit Software, PBC [cph, fnd]","Thomas Lin Pedersen <thomas.pedersen@posit.co>","CRAN"
"here","1.0.1","Repository","","A Simpler Way to Find Your Files","MIT + file LICENSE","https://here.r-lib.org/, https://github.com/r-lib/here","Kirill Müller [aut, cre] (<https://orcid.org/0000-0002-1416-3412>), Jennifer Bryan [ctb] (<https://orcid.org/0000-0002-6983-2759>)","Kirill Müller <krlmlr+r@mailbox.org>","CRAN"
"highr","0.11","Repository","Package","Syntax Highlighting for R Source Code","GPL","https://github.com/yihui/highr","Yihui Xie [aut, cre] (<https://orcid.org/0000-0003-0645-5666>), Yixuan Qiu [aut], Christopher Gandrud [ctb], Qiang Li [ctb]","Yihui Xie <xie@yihui.name>","CRAN"
"htmltools","0.5.8.1","Repository","Package","Tools for HTML","GPL (>= 2)","https://github.com/rstudio/htmltools, https://rstudio.github.io/htmltools/","Joe Cheng [aut], Carson Sievert [aut, cre] (<https://orcid.org/0000-0002-4958-2844>), Barret Schloerke [aut] (<https://orcid.org/0000-0001-9986-114X>), Winston Chang [aut] (<https://orcid.org/0000-0002-1576-2126>), Yihui Xie [aut], Jeff Allen [aut], Posit Software, PBC [cph, fnd]","Carson Sievert <carson@posit.co>","CRAN"
"htmlwidgets","1.6.4","Repository","Package","HTML Widgets for R","MIT + file LICENSE","https://github.com/ramnathv/htmlwidgets","Ramnath Vaidyanathan [aut, cph], Yihui Xie [aut], JJ Allaire [aut], Joe Cheng [aut], Carson Sievert [aut, cre] (<https://orcid.org/0000-0002-4958-2844>), Kenton Russell [aut, cph], Ellis Hughes [ctb], Posit Software, PBC [cph, fnd]","Carson Sievert <carson@posit.co>","CRAN"
"httpuv","1.6.16","Repository","Package","HTTP and WebSocket Server Library","GPL (>= 2) | file LICENSE","https://github.com/rstudio/httpuv","Joe Cheng [aut], Winston Chang [aut, cre], Posit, PBC fnd [cph], Hector Corrada Bravo [ctb], Jeroen Ooms [ctb], Andrzej Krzemienski [cph] (optional.hpp), libuv project contributors [cph] (libuv library, see src/libuv/AUTHORS file), Joyent, Inc. and other Node contributors [cph] (libuv library, see src/libuv/AUTHORS file; and http-parser library, see src/http-parser/AUTHORS file), Niels Provos [cph] (libuv subcomponent: tree.h), Internet Systems Consortium, Inc. [cph] (libuv subcomponent: inet_pton and inet_ntop, contained in src/libuv/src/inet.c), Alexander Chemeris [cph] (libuv subcomponent: stdint-msvc2008.h (from msinttypes)), Google, Inc. [cph] (libuv subcomponent: pthread-fixes.c), Sony Mobile Communcations AB [cph] (libuv subcomponent: pthread-fixes.c), Berkeley Software Design Inc. [cph] (libuv subcomponent: android-ifaddrs.h, android-ifaddrs.c), Kenneth MacKay [cph] (libuv subcomponent: android-ifaddrs.h, android-ifaddrs.c), Emergya (Cloud4all, FP7/2007-2013, grant agreement no 289016) [cph] (libuv subcomponent: android-ifaddrs.h, android-ifaddrs.c), Steve Reid [aut] (SHA-1 implementation), James Brown [aut] (SHA-1 implementation), Bob Trower [aut] (base64 implementation), Alexander Peslyak [aut] (MD5 implementation), Trantor Standard Systems [cph] (base64 implementation), Igor Sysoev [cph] (http-parser)","Winston Chang <winston@posit.co>","CRAN"
"httr","1.4.7","Repository","","Tools for Working with URLs and HTTP","MIT + file LICENSE","https://httr.r-lib.org/, https://github.com/r-lib/httr","Hadley Wickham [aut, cre], Posit, PBC [cph, fnd]","Hadley Wickham <hadley@posit.co>","CRAN"
"isoband","0.2.7","Repository","","Generate Isolines and Isobands from Regularly Spaced Elevation Grids","MIT + file LICENSE","https://isoband.r-lib.org","Hadley Wickham [aut, cre] (<https://orcid.org/0000-0003-4757-117X>), Claus O. Wilke [aut] (Original author, <https://orcid.org/0000-0002-7470-9261>), Thomas Lin Pedersen [aut] (<https://orcid.org/0000-0002-5147-4711>)","Hadley Wickham <hadley@posit.co>","CRAN"
"jquerylib","0.1.4","Repository","","Obtain 'jQuery' as an HTML Dependency Object","MIT + file LICENSE","","Carson Sievert [aut, cre] (<https://orcid.org/0000-0002-4958-2844>), Joe Cheng [aut], RStudio [cph], jQuery Foundation [cph] (jQuery library and jQuery UI library), jQuery contributors [ctb, cph] (jQuery library; authors listed in inst/lib/jquery-AUTHORS.txt)","Carson Sievert <carson@rstudio.com>","CRAN"
"jsonlite","2.0.0","Repository","","A Simple and Robust JSON Parser and Generator for R","MIT + file LICENSE","https://jeroen.r-universe.dev/jsonlite https://arxiv.org/abs/1403.2805","Jeroen Ooms [aut, cre] (<https://orcid.org/0000-0002-4035-0289>), Duncan Temple Lang [ctb], Lloyd Hilaiel [cph] (author of bundled libyajl)","Jeroen Ooms <jeroenooms@gmail.com>","CRAN"
"kableExtra","1.4.0","Repository","Package","Construct Complex Table with 'kable' and Pipe Syntax","MIT + file LICENSE","http://haozhu233.github.io/kableExtra/, https://github.com/haozhu233/kableExtra","Hao Zhu [aut, cre] (<https://orcid.org/0000-0002-3386-6076>), Thomas Travison [ctb], Timothy Tsai [ctb], Will Beasley [ctb], Yihui Xie [ctb], GuangChuang Yu [ctb], Stéphane Laurent [ctb], Rob Shepherd [ctb], Yoni Sidi [ctb], Brian Salzer [ctb], George Gui [ctb], Yeliang Fan [ctb], Duncan Murdoch [ctb], Vincent Arel-Bundock [ctb], Bill Evans [ctb]","Hao Zhu <haozhu233@gmail.com>","CRAN"
"knitr","1.50","Repository","Package","A General-Purpose Package for Dynamic Report Generation in R","GPL","https://yihui.org/knitr/","Yihui Xie [aut, cre] (<https://orcid.org/0000-0003-0645-5666>, https://yihui.org), Abhraneel Sarma [ctb], Adam Vogt [ctb], Alastair Andrew [ctb], Alex Zvoleff [ctb], Amar Al-Zubaidi [ctb], Andre Simon [ctb] (the CSS files under inst/themes/ were derived from the Highlight package http://www.andre-simon.de), Aron Atkins [ctb], Aaron Wolen [ctb], Ashley Manton [ctb], Atsushi Yasumoto [ctb] (<https://orcid.org/0000-0002-8335-495X>), Ben Baumer [ctb], Brian Diggs [ctb], Brian Zhang [ctb], Bulat Yapparov [ctb], Cassio Pereira [ctb], Christophe Dervieux [ctb], David Hall [ctb], David Hugh-Jones [ctb], David Robinson [ctb], Doug Hemken [ctb], Duncan Murdoch [ctb], Elio Campitelli [ctb], Ellis Hughes [ctb], Emily Riederer [ctb], Fabian Hirschmann [ctb], Fitch Simeon [ctb], Forest Fang [ctb], Frank E Harrell Jr [ctb] (the Sweavel package at inst/misc/Sweavel.sty), Garrick Aden-Buie [ctb], Gregoire Detrez [ctb], Hadley Wickham [ctb], Hao Zhu [ctb], Heewon Jeon [ctb], Henrik Bengtsson [ctb], Hiroaki Yutani [ctb], Ian Lyttle [ctb], Hodges Daniel [ctb], Jacob Bien [ctb], Jake Burkhead [ctb], James Manton [ctb], Jared Lander [ctb], Jason Punyon [ctb], Javier Luraschi [ctb], Jeff Arnold [ctb], Jenny Bryan [ctb], Jeremy Ashkenas [ctb, cph] (the CSS file at inst/misc/docco-classic.css), Jeremy Stephens [ctb], Jim Hester [ctb], Joe Cheng [ctb], Johannes Ranke [ctb], John Honaker [ctb], John Muschelli [ctb], Jonathan Keane [ctb], JJ Allaire [ctb], Johan Toloe [ctb], Jonathan Sidi [ctb], Joseph Larmarange [ctb], Julien Barnier [ctb], Kaiyin Zhong [ctb], Kamil Slowikowski [ctb], Karl Forner [ctb], Kevin K. Smith [ctb], Kirill Mueller [ctb], Kohske Takahashi [ctb], Lorenz Walthert [ctb], Lucas Gallindo [ctb], Marius Hofert [ctb], Martin Modrák [ctb], Michael Chirico [ctb], Michael Friendly [ctb], Michal Bojanowski [ctb], Michel Kuhlmann [ctb], Miller Patrick [ctb], Nacho Caballero [ctb], Nick Salkowski [ctb], Niels Richard Hansen [ctb], Noam Ross [ctb], Obada Mahdi [ctb], Pavel N. Krivitsky [ctb] (<https://orcid.org/0000-0002-9101-3362>), Pedro Faria [ctb], Qiang Li [ctb], Ramnath Vaidyanathan [ctb], Richard Cotton [ctb], Robert Krzyzanowski [ctb], Rodrigo Copetti [ctb], Romain Francois [ctb], Ruaridh Williamson [ctb], Sagiru Mati [ctb] (<https://orcid.org/0000-0003-1413-3974>), Scott Kostyshak [ctb], Sebastian Meyer [ctb], Sietse Brouwer [ctb], Simon de Bernard [ctb], Sylvain Rousseau [ctb], Taiyun Wei [ctb], Thibaut Assus [ctb], Thibaut Lamadon [ctb], Thomas Leeper [ctb], Tim Mastny [ctb], Tom Torsney-Weir [ctb], Trevor Davis [ctb], Viktoras Veitas [ctb], Weicheng Zhu [ctb], Wush Wu [ctb], Zachary Foster [ctb], Zhian N. Kamvar [ctb] (<https://orcid.org/0000-0003-1458-7108>), Posit Software, PBC [cph, fnd]","Yihui Xie <xie@yihui.name>","CRAN"
"labeling","0.4.3","Repository","Package","Axis Labeling","MIT + file LICENSE | Unlimited","","Justin Talbot,","Nuno Sempere <nuno.semperelh@gmail.com>","CRAN"
"later","1.4.2","Repository","Package","Utilities for Scheduling Functions to Execute Later with Event Loops","MIT + file LICENSE","https://r-lib.github.io/later/, https://github.com/r-lib/later","Winston Chang [aut, cre], Joe Cheng [aut], Charlie Gao [aut] (<https://orcid.org/0000-0002-0750-061X>), Posit Software, PBC [cph], Marcus Geelnard [ctb, cph] (TinyCThread library, https://tinycthread.github.io/), Evan Nemerson [ctb, cph] (TinyCThread library, https://tinycthread.github.io/)","Winston Chang <winston@posit.co>","CRAN"
"lattice","0.22-7","Repository","","Trellis Graphics for R","GPL (>= 2)","https://lattice.r-forge.r-project.org/","Deepayan Sarkar [aut, cre] (<https://orcid.org/0000-0003-4107-1553>), Felix Andrews [ctb], Kevin Wright [ctb] (documentation), Neil Klepeis [ctb], Johan Larsson [ctb] (miscellaneous improvements), Zhijian (Jason) Wen [cph] (filled contour code), Paul Murrell [ctb], Stefan Eng [ctb] (violin plot improvements), Achim Zeileis [ctb] (modern colors), Alexandre Courtiol [ctb] (generics for larrows, lpolygon, lrect and lsegments)","Deepayan Sarkar <deepayan.sarkar@r-project.org>","CRAN"
"lazyeval","0.2.2","Repository","","Lazy (Non-Standard) Evaluation","GPL-3","","Hadley Wickham [aut, cre], RStudio [cph]","Hadley Wickham <hadley@rstudio.com>","CRAN"
"lifecycle","1.0.4","Repository","","Manage the Life Cycle of your Package Functions","MIT + file LICENSE","https://lifecycle.r-lib.org/, https://github.com/r-lib/lifecycle","Lionel Henry [aut, cre], Hadley Wickham [aut] (<https://orcid.org/0000-0003-4757-117X>), Posit Software, PBC [cph, fnd]","Lionel Henry <lionel@posit.co>","CRAN"
"lintr","3.2.0","Repository","","A 'Linter' for R Code","MIT + file LICENSE","https://lintr.r-lib.org, https://github.com/r-lib/lintr","Jim Hester [aut], Florent Angly [aut] (fangly), Russ Hyde [aut], Michael Chirico [aut, cre], Kun Ren [aut], Alexander Rosenstock [aut] (AshesITR), Indrajeet Patil [aut] (<https://orcid.org/0000-0003-1995-6531>, @patilindrajeets)","Michael Chirico <michaelchirico4@gmail.com>","CRAN"
"logger","0.4.0","Repository","Package","A Lightweight, Modern and Flexible Logging Utility","MIT + file LICENSE","https://daroczig.github.io/logger/","Gergely Daróczi [aut, cre] (<https://orcid.org/0000-0003-3149-8537>), Hadley Wickham [aut] (<https://orcid.org/0000-0003-4757-117X>), System1 [fnd]","Gergely Daróczi <daroczig@rapporter.net>","CRAN"
"logr","1.3.9","Repository","","Creates Log Files","CC0","https://logr.r-sassy.org, https://github.com/dbosak01/logr","David Bosak [aut, cre], Rikard Isaksson [ctb]","David Bosak <dbosak01@gmail.com>","CRAN"
"magrittr","2.0.3","Repository","Package","A Forward-Pipe Operator for R","MIT + file LICENSE","https://magrittr.tidyverse.org, https://github.com/tidyverse/magrittr","Stefan Milton Bache [aut, cph] (Original author and creator of magrittr), Hadley Wickham [aut], Lionel Henry [cre], RStudio [cph, fnd]","Lionel Henry <lionel@rstudio.com>","CRAN"
"memoise","2.0.1","Repository","","'Memoisation' of Functions","MIT + file LICENSE","https://memoise.r-lib.org, https://github.com/r-lib/memoise","Hadley Wickham [aut], Jim Hester [aut], Winston Chang [aut, cre], Kirill Müller [aut], Daniel Cook [aut], Mark Edmondson [ctb]","Winston Chang <winston@rstudio.com>","CRAN"
"mgcv","1.9-3","Repository","","Mixed GAM Computation Vehicle with Automatic Smoothness Estimation","GPL (>= 2)","","Simon Wood [aut, cre]","Simon Wood <simon.wood@r-project.org>","CRAN"
"mime","0.13","Repository","Package","Map Filenames to MIME Types","GPL","https://github.com/yihui/mime","Yihui Xie [aut, cre] (<https://orcid.org/0000-0003-0645-5666>, https://yihui.org), Jeffrey Horner [ctb], Beilei Bian [ctb]","Yihui Xie <xie@yihui.name>","CRAN"
"minpack.lm","1.2-4","Repository","","R Interface to the Levenberg-Marquardt Nonlinear Least-Squares Algorithm Found in MINPACK, Plus Support for Bounds","GPL-3","","Timur V. Elzhov, Katharine M. Mullen, Andrej-Nikolai Spiess, Ben Bolker","Katharine M. Mullen <mullenkate@gmail.com>","CRAN"
"nlme","3.1-168","Repository","","Linear and Nonlinear Mixed Effects Models","GPL (>= 2)","https://svn.r-project.org/R-packages/trunk/nlme/","José Pinheiro [aut] (S version), Douglas Bates [aut] (up to 2007), Saikat DebRoy [ctb] (up to 2002), Deepayan Sarkar [ctb] (up to 2005), EISPACK authors [ctb] (src/rs.f), Siem Heisterkamp [ctb] (Author fixed sigma), Bert Van Willigen [ctb] (Programmer fixed sigma), Johannes Ranke [ctb] (varConstProp()), R Core Team [aut, cre] (02zz1nj61)","R Core Team <R-core@R-project.org>","CRAN"
"openssl","2.3.3","Repository","Package","Toolkit for Encryption, Signatures and Certificates Based on OpenSSL","MIT + file LICENSE","https://jeroen.r-universe.dev/openssl","Jeroen Ooms [aut, cre] (ORCID: <https://orcid.org/0000-0002-4035-0289>), Oliver Keyes [ctb]","Jeroen Ooms <jeroenooms@gmail.com>","CRAN"
"pillar","1.11.0","Repository","","Coloured Formatting for Columns","MIT + file LICENSE","https://pillar.r-lib.org/, https://github.com/r-lib/pillar","Kirill Müller [aut, cre] (ORCID: <https://orcid.org/0000-0002-1416-3412>), Hadley Wickham [aut], RStudio [cph]","Kirill Müller <kirill@cynkra.com>","CRAN"
"pkgbuild","1.4.8","Repository","","Find Tools Needed to Build R Packages","MIT + file LICENSE","https://github.com/r-lib/pkgbuild, https://pkgbuild.r-lib.org","Hadley Wickham [aut], Jim Hester [aut], Gábor Csárdi [aut, cre], Posit Software, PBC [cph, fnd] (ROR: <https://ror.org/03wc8by49>)","Gábor Csárdi <csardi.gabor@gmail.com>","CRAN"
"pkgconfig","2.0.3","Repository","","Private Configuration for 'R' Packages","MIT + file LICENSE","https://github.com/r-lib/pkgconfig#readme","Gábor Csárdi","Gábor Csárdi <csardi.gabor@gmail.com>","CRAN"
"pkgload","1.4.0","Repository","","Simulate Package Installation and Attach","GPL-3","https://github.com/r-lib/pkgload, https://pkgload.r-lib.org","Hadley Wickham [aut], Winston Chang [aut], Jim Hester [aut], Lionel Henry [aut, cre], Posit Software, PBC [cph, fnd], R Core team [ctb] (Some namespace and vignette code extracted from base R)","Lionel Henry <lionel@posit.co>","CRAN"
"plotly","4.11.0","Repository","","Create Interactive Web Graphics via 'plotly.js'","MIT + file LICENSE","https://plotly-r.com, https://github.com/plotly/plotly.R, https://plotly.com/r/","Carson Sievert [aut, cre] (ORCID: <https://orcid.org/0000-0002-4958-2844>), Chris Parmer [aut], Toby Hocking [aut], Scott Chamberlain [aut], Karthik Ram [aut], Marianne Corvellec [aut] (ORCID: <https://orcid.org/0000-0002-1994-3581>), Pedro Despouy [aut], Salim Brüggemann [ctb] (ORCID: <https://orcid.org/0000-0002-5329-5987>), Plotly Technologies Inc. [cph]","Carson Sievert <cpsievert1@gmail.com>","CRAN"
"plyr","1.8.9","Repository","","Tools for Splitting, Applying and Combining Data","MIT + file LICENSE","http://had.co.nz/plyr, https://github.com/hadley/plyr","Hadley Wickham [aut, cre]","Hadley Wickham <hadley@rstudio.com>","CRAN"
"png","0.1-8","Repository","","Read and write PNG images","GPL-2 | GPL-3","http://www.rforge.net/png/","Simon Urbanek <Simon.Urbanek@r-project.org>","Simon Urbanek <Simon.Urbanek@r-project.org>","CRAN"
"praise","1.0.0","Repository","","Praise Users","MIT + file LICENSE","https://github.com/gaborcsardi/praise","Gabor Csardi, Sindre Sorhus","Gabor Csardi <csardi.gabor@gmail.com>","CRAN"
"processx","3.8.6","Repository","","Execute and Control System Processes","MIT + file LICENSE","https://processx.r-lib.org, https://github.com/r-lib/processx","Gábor Csárdi [aut, cre, cph] (<https://orcid.org/0000-0001-7098-9676>), Winston Chang [aut], Posit Software, PBC [cph, fnd], Ascent Digital Services [cph, fnd]","Gábor Csárdi <csardi.gabor@gmail.com>","CRAN"
"promises","1.3.3","Repository","Package","Abstractions for Promise-Based Asynchronous Programming","MIT + file LICENSE","https://rstudio.github.io/promises/, https://github.com/rstudio/promises","Joe Cheng [aut, cre], Posit Software, PBC [cph, fnd] (ROR: <https://ror.org/03wc8by49>)","Joe Cheng <joe@posit.co>","CRAN"
"ps","1.9.1","Repository","","List, Query, Manipulate System Processes","MIT + file LICENSE","https://github.com/r-lib/ps, https://ps.r-lib.org/","Jay Loden [aut], Dave Daeschler [aut], Giampaolo Rodola' [aut], Gábor Csárdi [aut, cre], Posit Software, PBC [cph, fnd]","Gábor Csárdi <csardi.gabor@gmail.com>","CRAN"
"purrr","1.1.0","Repository","","Functional Programming Tools","MIT + file LICENSE","https://purrr.tidyverse.org/, https://github.com/tidyverse/purrr","Hadley Wickham [aut, cre] (ORCID: <https://orcid.org/0000-0003-4757-117X>), Lionel Henry [aut], Posit Software, PBC [cph, fnd] (ROR: <https://ror.org/03wc8by49>)","Hadley Wickham <hadley@posit.co>","CRAN"
"quarto","1.4.4","Repository","","R Interface to 'Quarto' Markdown Publishing System","GPL (>= 2)","https://github.com/quarto-dev/quarto-r, https://quarto-dev.github.io/quarto-r/","JJ Allaire [aut] (<https://orcid.org/0000-0003-0174-9868>), Christophe Dervieux [cre, aut] (<https://orcid.org/0000-0003-4474-2498>), Posit Software, PBC [cph, fnd]","Christophe Dervieux <cderv@posit.co>","CRAN"
"rappdirs","0.3.3","Repository","Package","Application Directories: Determine Where to Save Data, Caches, and Logs","MIT + file LICENSE","https://rappdirs.r-lib.org, https://github.com/r-lib/rappdirs","Hadley Wickham [trl, cre, cph], RStudio [cph], Sridhar Ratnakumar [aut], Trent Mick [aut], ActiveState [cph] (R/appdir.r, R/cache.r, R/data.r, R/log.r translated from appdirs), Eddy Petrisor [ctb], Trevor Davis [trl, aut], Gabor Csardi [ctb], Gregory Jefferis [ctb]","Hadley Wickham <hadley@rstudio.com>","CRAN"
"renv","1.1.5","Repository","Package","Project Environments","MIT + file LICENSE","https://rstudio.github.io/renv/, https://github.com/rstudio/renv","Kevin Ushey [aut, cre] (ORCID: <https://orcid.org/0000-0003-2880-7407>), Hadley Wickham [aut] (ORCID: <https://orcid.org/0000-0003-4757-117X>), Posit Software, PBC [cph, fnd]","Kevin Ushey <kevin@rstudio.com>","CRAN"
"reticulate","1.43.0","Repository","Package","Interface to 'Python'","Apache License 2.0","https://rstudio.github.io/reticulate/, https://github.com/rstudio/reticulate","Tomasz Kalinowski [ctb, cre], Kevin Ushey [aut], JJ Allaire [aut], RStudio [cph, fnd], Yuan Tang [aut, cph] (ORCID: <https://orcid.org/0000-0001-5243-233X>), Dirk Eddelbuettel [ctb, cph], Bryan Lewis [ctb, cph], Sigrid Keydana [ctb], Ryan Hafen [ctb, cph], Marcus Geelnard [ctb, cph] (TinyThread library, http://tinythreadpp.bitsnbites.eu/)","Tomasz Kalinowski <tomasz@posit.co>","CRAN"
"rex","1.2.1","Repository","Package","Friendly Regular Expressions","MIT + file LICENSE","https://github.com/kevinushey/rex","Kevin Ushey [aut, cre], Jim Hester [aut], Robert Krzyzanowski [aut]","Kevin Ushey <kevinushey@gmail.com>","CRAN"
"rhino","1.11.0","Repository","","A Framework for Enterprise Shiny Applications","LGPL-3","https://appsilon.github.io/rhino/, https://github.com/Appsilon/rhino","Kamil Żyła [aut, cre], Jakub Nowicki [aut], Leszek Siemiński [aut], Marek Rogala [aut], Recle Vibal [aut], Tymoteusz Makowski [aut], Rodrigo Basa [aut], Eduardo Almeida [ctb], Appsilon Sp. z o.o. [cph]","Kamil Żyła <opensource+kamil@appsilon.com>","CRAN"
"rlang","1.1.6","Repository","","Functions for Base Types and Core R and 'Tidyverse' Features","MIT + file LICENSE","https://rlang.r-lib.org, https://github.com/r-lib/rlang","Lionel Henry [aut, cre], Hadley Wickham [aut], mikefc [cph] (Hash implementation based on Mike's xxhashlite), Yann Collet [cph] (Author of the embedded xxHash library), Posit, PBC [cph, fnd]","Lionel Henry <lionel@posit.co>","CRAN"
"rmarkdown","2.29","Repository","Package","Dynamic Documents for R","GPL-3","https://github.com/rstudio/rmarkdown, https://pkgs.rstudio.com/rmarkdown/","JJ Allaire [aut], Yihui Xie [aut, cre] (<https://orcid.org/0000-0003-0645-5666>), Christophe Dervieux [aut] (<https://orcid.org/0000-0003-4474-2498>), Jonathan McPherson [aut], Javier Luraschi [aut], Kevin Ushey [aut], Aron Atkins [aut], Hadley Wickham [aut], Joe Cheng [aut], Winston Chang [aut], Richard Iannone [aut] (<https://orcid.org/0000-0003-3925-190X>), Andrew Dunning [ctb] (<https://orcid.org/0000-0003-0464-5036>), Atsushi Yasumoto [ctb, cph] (<https://orcid.org/0000-0002-8335-495X>, Number sections Lua filter), Barret Schloerke [ctb], Carson Sievert [ctb] (<https://orcid.org/0000-0002-4958-2844>), Devon Ryan [ctb] (<https://orcid.org/0000-0002-8549-0971>), Frederik Aust [ctb] (<https://orcid.org/0000-0003-4900-788X>), Jeff Allen [ctb], JooYoung Seo [ctb] (<https://orcid.org/0000-0002-4064-6012>), Malcolm Barrett [ctb], Rob Hyndman [ctb], Romain Lesur [ctb], Roy Storey [ctb], Ruben Arslan [ctb], Sergio Oller [ctb], Posit Software, PBC [cph, fnd], jQuery UI contributors [ctb, cph] (jQuery UI library; authors listed in inst/rmd/h/jqueryui/AUTHORS.txt), Mark Otto [ctb] (Bootstrap library), Jacob Thornton [ctb] (Bootstrap library), Bootstrap contributors [ctb] (Bootstrap library), Twitter, Inc [cph] (Bootstrap library), Alexander Farkas [ctb, cph] (html5shiv library), Scott Jehl [ctb, cph] (Respond.js library), Ivan Sagalaev [ctb, cph] (highlight.js library), Greg Franko [ctb, cph] (tocify library), John MacFarlane [ctb, cph] (Pandoc templates), Google, Inc. [ctb, cph] (ioslides library), Dave Raggett [ctb] (slidy library), W3C [cph] (slidy library), Dave Gandy [ctb, cph] (Font-Awesome), Ben Sperry [ctb] (Ionicons), Drifty [cph] (Ionicons), Aidan Lister [ctb, cph] (jQuery StickyTabs), Benct Philip Jonsson [ctb, cph] (pagebreak Lua filter), Albert Krewinkel [ctb, cph] (pagebreak Lua filter)","Yihui Xie <xie@yihui.name>","CRAN"
"rprojroot","2.1.0","Repository","","Finding Files in Project Subdirectories","MIT + file LICENSE","https://rprojroot.r-lib.org/, https://github.com/r-lib/rprojroot","Kirill Müller [aut, cre] (ORCID: <https://orcid.org/0000-0002-1416-3412>)","Kirill Müller <kirill@cynkra.com>","CRAN"
"rstudioapi","0.17.1","Repository","","Safely Access the RStudio API","MIT + file LICENSE","https://rstudio.github.io/rstudioapi/, https://github.com/rstudio/rstudioapi","Kevin Ushey [aut, cre], JJ Allaire [aut], Hadley Wickham [aut], Gary Ritchie [aut], RStudio [cph]","Kevin Ushey <kevin@rstudio.com>","CRAN"
"sass","0.4.10","Repository","Package","Syntactically Awesome Style Sheets ('Sass')","MIT + file LICENSE","https://rstudio.github.io/sass/, https://github.com/rstudio/sass","Joe Cheng [aut], Timothy Mastny [aut], Richard Iannone [aut] (<https://orcid.org/0000-0003-3925-190X>), Barret Schloerke [aut] (<https://orcid.org/0000-0001-9986-114X>), Carson Sievert [aut, cre] (<https://orcid.org/0000-0002-4958-2844>), Christophe Dervieux [ctb] (<https://orcid.org/0000-0003-4474-2498>), RStudio [cph, fnd], Sass Open Source Foundation [ctb, cph] (LibSass library), Greter Marcel [ctb, cph] (LibSass library), Mifsud Michael [ctb, cph] (LibSass library), Hampton Catlin [ctb, cph] (LibSass library), Natalie Weizenbaum [ctb, cph] (LibSass library), Chris Eppstein [ctb, cph] (LibSass library), Adams Joseph [ctb, cph] (json.cpp), Trifunovic Nemanja [ctb, cph] (utf8.h)","Carson Sievert <carson@rstudio.com>","CRAN"
"scales","1.4.0","Repository","","Scale Functions for Visualization","MIT + file LICENSE","https://scales.r-lib.org, https://github.com/r-lib/scales","Hadley Wickham [aut], Thomas Lin Pedersen [cre, aut] (<https://orcid.org/0000-0002-5147-4711>), Dana Seidel [aut], Posit Software, PBC [cph, fnd] (03wc8by49)","Thomas Lin Pedersen <thomas.pedersen@posit.co>","CRAN"
"shiny","1.11.1","Repository","Package","Web Application Framework for R","GPL-3 | file LICENSE","https://shiny.posit.co/, https://github.com/rstudio/shiny","Winston Chang [aut, cre] (ORCID: <https://orcid.org/0000-0002-1576-2126>), Joe Cheng [aut], JJ Allaire [aut], Carson Sievert [aut] (ORCID: <https://orcid.org/0000-0002-4958-2844>), Barret Schloerke [aut] (ORCID: <https://orcid.org/0000-0001-9986-114X>), Yihui Xie [aut], Jeff Allen [aut], Jonathan McPherson [aut], Alan Dipert [aut], Barbara Borges [aut], Posit Software, PBC [cph, fnd], jQuery Foundation [cph] (jQuery library and jQuery UI library), jQuery contributors [ctb, cph] (jQuery library; authors listed in inst/www/shared/jquery-AUTHORS.txt), jQuery UI contributors [ctb, cph] (jQuery UI library; authors listed in inst/www/shared/jqueryui/AUTHORS.txt), Mark Otto [ctb] (Bootstrap library), Jacob Thornton [ctb] (Bootstrap library), Bootstrap contributors [ctb] (Bootstrap library), Twitter, Inc [cph] (Bootstrap library), Prem Nawaz Khan [ctb] (Bootstrap accessibility plugin), Victor Tsaran [ctb] (Bootstrap accessibility plugin), Dennis Lembree [ctb] (Bootstrap accessibility plugin), Srinivasu Chakravarthula [ctb] (Bootstrap accessibility plugin), Cathy O'Connor [ctb] (Bootstrap accessibility plugin), PayPal, Inc [cph] (Bootstrap accessibility plugin), Stefan Petre [ctb, cph] (Bootstrap-datepicker library), Andrew Rowls [ctb, cph] (Bootstrap-datepicker library), Brian Reavis [ctb, cph] (selectize.js library), Salmen Bejaoui [ctb, cph] (selectize-plugin-a11y library), Denis Ineshin [ctb, cph] (ion.rangeSlider library), Sami Samhuri [ctb, cph] (Javascript strftime library), SpryMedia Limited [ctb, cph] (DataTables library), John Fraser [ctb, cph] (showdown.js library), John Gruber [ctb, cph] (showdown.js library), Ivan Sagalaev [ctb, cph] (highlight.js library), R Core Team [ctb, cph] (tar implementation from R)","Winston Chang <winston@posit.co>","CRAN"
"shinyFiles","0.9.3","Repository","Package","A Server-Side File System Viewer for Shiny","GPL (>= 2)","https://github.com/thomasp85/shinyFiles","Thomas Lin Pedersen [cre, aut] (<https://orcid.org/0000-0002-5147-4711>), Vincent Nijs [aut], Thomas Schaffner [aut], Eric Nantz [aut]","Thomas Lin Pedersen <thomasp85@gmail.com>","CRAN"
"shinyWidgets","0.9.0","Repository","","Custom Inputs Widgets for Shiny","GPL-3","https://github.com/dreamRs/shinyWidgets, https://dreamrs.github.io/shinyWidgets/","Victor Perrier [aut, cre, cph], Fanny Meyer [aut], David Granjon [aut], Ian Fellows [ctb] (Methods for mutating vertical tabs & updateMultiInput), Wil Davis [ctb] (numericRangeInput function), Spencer Matthews [ctb] (autoNumeric methods), JavaScript and CSS libraries authors [ctb, cph] (All authors are listed in LICENSE.md)","Victor Perrier <victor.perrier@dreamrs.fr>","CRAN"
"shinyalert","3.1.0","Repository","","Easily Create Pretty Popup Messages (Modals) in 'Shiny'","MIT + file LICENSE","https://github.com/daattali/shinyalert, https://daattali.com/shiny/shinyalert-demo/","Dean Attali [aut, cre] (<https://orcid.org/0000-0002-5645-3493>, R interface), Tristan Edwards [aut] (sweetalert library), Zhengjia Wang [ctb]","Dean Attali <daattali@gmail.com>","CRAN"
"shinyjs","2.1.0","Repository","","Easily Improve the User Experience of Your Shiny Apps in Seconds","MIT + file LICENSE","https://deanattali.com/shinyjs/","Dean Attali [aut, cre] (<https://orcid.org/0000-0002-5645-3493>)","Dean Attali <daattali@gmail.com>","CRAN"
"sourcetools","0.1.7-1","Repository","Package","Tools for Reading, Tokenizing and Parsing R Code","MIT + file LICENSE","","Kevin Ushey","Kevin Ushey <kevinushey@gmail.com>","CRAN"
"stringi","1.8.7","Repository","Package","Fast and Portable Character String Processing Facilities","file LICENSE","https://stringi.gagolewski.com/, https://github.com/gagolews/stringi, https://icu.unicode.org/","Marek Gagolewski [aut, cre, cph] (<https://orcid.org/0000-0003-0637-6028>), Bartek Tartanus [ctb], Unicode, Inc. and others [ctb] (ICU4C source code, Unicode Character Database)","Marek Gagolewski <marek@gagolewski.com>","CRAN"
"stringr","1.5.1","Repository","","Simple, Consistent Wrappers for Common String Operations","MIT + file LICENSE","https://stringr.tidyverse.org, https://github.com/tidyverse/stringr","Hadley Wickham [aut, cre, cph], Posit Software, PBC [cph, fnd]","Hadley Wickham <hadley@posit.co>","CRAN"
"styler","1.10.3","Repository","Package","Non-Invasive Pretty Printing of R Code","MIT + file LICENSE","https://github.com/r-lib/styler, https://styler.r-lib.org","Kirill Müller [aut] (<https://orcid.org/0000-0002-1416-3412>), Lorenz Walthert [cre, aut], Indrajeet Patil [ctb] (<https://orcid.org/0000-0003-1995-6531>, @patilindrajeets)","Lorenz Walthert <lorenz.walthert@icloud.com>","CRAN"
"svglite","2.2.1","Repository","","An 'SVG' Graphics Device","GPL (>= 2)","https://svglite.r-lib.org, https://github.com/r-lib/svglite","Hadley Wickham [aut], Lionel Henry [aut], Thomas Lin Pedersen [cre, aut] (ORCID: <https://orcid.org/0000-0002-5147-4711>), T Jake Luciani [aut], Matthieu Decorde [aut], Vaudor Lise [aut], Tony Plate [ctb] (Early line dashing code), David Gohel [ctb] (Line dashing code and early raster code), Yixuan Qiu [ctb] (Improved styles; polypath implementation), Håkon Malmedal [ctb] (Opacity code), Posit Software, PBC [cph, fnd] (ROR: <https://ror.org/03wc8by49>)","Thomas Lin Pedersen <thomas.pedersen@posit.co>","CRAN"
"sys","3.4.3","Repository","Package","Powerful and Reliable Tools for Running System Commands in R","MIT + file LICENSE","https://jeroen.r-universe.dev/sys","Jeroen Ooms [aut, cre] (<https://orcid.org/0000-0002-4035-0289>), Gábor Csárdi [ctb]","Jeroen Ooms <jeroenooms@gmail.com>","CRAN"
"systemfonts","1.2.3","Repository","Package","System Native Font Finding","MIT + file LICENSE","https://github.com/r-lib/systemfonts, https://systemfonts.r-lib.org","Thomas Lin Pedersen [aut, cre] (ORCID: <https://orcid.org/0000-0002-5147-4711>), Jeroen Ooms [aut] (ORCID: <https://orcid.org/0000-0002-4035-0289>), Devon Govett [aut] (Author of font-manager), Posit Software, PBC [cph, fnd] (ROR: <https://ror.org/03wc8by49>)","Thomas Lin Pedersen <thomas.pedersen@posit.co>","CRAN"
"testthat","3.2.3","Repository","","Unit Testing for R","MIT + file LICENSE","https://testthat.r-lib.org, https://github.com/r-lib/testthat","Hadley Wickham [aut, cre], Posit Software, PBC [cph, fnd], R Core team [ctb] (Implementation of utils::recover())","Hadley Wickham <hadley@posit.co>","CRAN"
"textshaping","1.0.1","Repository","","Bindings to the 'HarfBuzz' and 'Fribidi' Libraries for Text Shaping","MIT + file LICENSE","https://github.com/r-lib/textshaping","Thomas Lin Pedersen [cre, aut] (ORCID: <https://orcid.org/0000-0002-5147-4711>), Posit Software, PBC [cph, fnd] (ROR: <https://ror.org/03wc8by49>)","Thomas Lin Pedersen <thomas.pedersen@posit.co>","CRAN"
"tibble","3.3.0","Repository","","Simple Data Frames","MIT + file LICENSE","https://tibble.tidyverse.org/, https://github.com/tidyverse/tibble","Kirill Müller [aut, cre] (ORCID: <https://orcid.org/0000-0002-1416-3412>), Hadley Wickham [aut], Romain Francois [ctb], Jennifer Bryan [ctb], RStudio [cph, fnd]","Kirill Müller <kirill@cynkra.com>","CRAN"
"tidyr","1.3.1","Repository","","Tidy Messy Data","MIT + file LICENSE","https://tidyr.tidyverse.org, https://github.com/tidyverse/tidyr","Hadley Wickham [aut, cre], Davis Vaughan [aut], Maximilian Girlich [aut], Kevin Ushey [ctb], Posit Software, PBC [cph, fnd]","Hadley Wickham <hadley@posit.co>","CRAN"
"tidyselect","1.2.1","Repository","","Select from a Set of Strings","MIT + file LICENSE","https://tidyselect.r-lib.org, https://github.com/r-lib/tidyselect","Lionel Henry [aut, cre], Hadley Wickham [aut], Posit Software, PBC [cph, fnd]","Lionel Henry <lionel@posit.co>","CRAN"
"tinytex","0.57","Repository","Package","Helper Functions to Install and Maintain TeX Live, and Compile LaTeX Documents","MIT + file LICENSE","https://github.com/rstudio/tinytex","Yihui Xie [aut, cre, cph] (<https://orcid.org/0000-0003-0645-5666>), Posit Software, PBC [cph, fnd], Christophe Dervieux [ctb] (<https://orcid.org/0000-0003-4474-2498>), Devon Ryan [ctb] (<https://orcid.org/0000-0002-8549-0971>), Ethan Heinzen [ctb], Fernando Cagua [ctb]","Yihui Xie <xie@yihui.name>","CRAN"
"utf8","1.2.6","Repository","","Unicode Text Processing","Apache License (== 2.0) | file LICENSE","https://krlmlr.github.io/utf8/, https://github.com/krlmlr/utf8","Patrick O. Perry [aut, cph], Kirill Müller [cre] (ORCID: <https://orcid.org/0000-0002-1416-3412>), Unicode, Inc. [cph, dtc] (Unicode Character Database)","Kirill Müller <kirill@cynkra.com>","CRAN"
"uuid","1.2-1","Repository","","Tools for Generating and Handling of UUIDs","MIT + file LICENSE","https://www.rforge.net/uuid","Simon Urbanek [aut, cre, cph] (https://urbanek.org, <https://orcid.org/0000-0003-2297-1732>), Theodore Ts'o [aut, cph] (libuuid)","Simon Urbanek <Simon.Urbanek@r-project.org>","CRAN"
"vctrs","0.6.5","Repository","","Vector Helpers","MIT + file LICENSE","https://vctrs.r-lib.org/, https://github.com/r-lib/vctrs","Hadley Wickham [aut], Lionel Henry [aut], Davis Vaughan [aut, cre], data.table team [cph] (Radix sort based on data.table's forder() and their contribution to R's order()), Posit Software, PBC [cph, fnd]","Davis Vaughan <davis@posit.co>","CRAN"
"viridisLite","0.4.2","Repository","Package","Colorblind-Friendly Color Maps (Lite Version)","MIT + file LICENSE","https://sjmgarnier.github.io/viridisLite/, https://github.com/sjmgarnier/viridisLite/","Simon Garnier [aut, cre], Noam Ross [ctb, cph], Bob Rudis [ctb, cph], Marco Sciaini [ctb, cph], Antônio Pedro Camargo [ctb, cph], Cédric Scherer [ctb, cph]","Simon Garnier <garnier@njit.edu>","CRAN"
"waiter","0.2.5","Repository","","Loading Screen for 'Shiny'","MIT + file LICENSE","https://waiter.john-coene.com/, https://github.com/JohnCoene/waiter","John Coene [aut, cre], Jinhwan Kim [ctb], Victor Granda [ctb] (<https://orcid.org/0000-0002-0469-1991>)","John Coene <jcoenep@gmail.com>","CRAN"
"waldo","0.6.2","Repository","","Find Differences Between R Objects","MIT + file LICENSE","https://waldo.r-lib.org, https://github.com/r-lib/waldo","Hadley Wickham [aut, cre], Posit Software, PBC [cph, fnd]","Hadley Wickham <hadley@posit.co>","CRAN"
"withr","3.0.2","Repository","","Run Code 'With' Temporarily Modified Global State","MIT + file LICENSE","https://withr.r-lib.org, https://github.com/r-lib/withr#readme","Jim Hester [aut], Lionel Henry [aut, cre], Kirill Müller [aut], Kevin Ushey [aut], Hadley Wickham [aut], Winston Chang [aut], Jennifer Bryan [ctb], Richard Cotton [ctb], Posit Software, PBC [cph, fnd]","Lionel Henry <lionel@posit.co>","CRAN"
"xfun","0.52","Repository","Package","Supporting Functions for Packages Maintained by 'Yihui Xie'","MIT + file LICENSE","https://github.com/yihui/xfun","Yihui Xie [aut, cre, cph] (<https://orcid.org/0000-0003-0645-5666>, https://yihui.org), Wush Wu [ctb], Daijiang Li [ctb], Xianying Tan [ctb], Salim Brüggemann [ctb] (<https://orcid.org/0000-0002-5329-5987>), Christophe Dervieux [ctb]","Yihui Xie <xie@yihui.name>","CRAN"
"xml2","1.3.8","Repository","","Parse XML","MIT + file LICENSE","https://xml2.r-lib.org, https://r-lib.r-universe.dev/xml2","Hadley Wickham [aut], Jim Hester [aut], Jeroen Ooms [aut, cre], Posit Software, PBC [cph, fnd], R Foundation [ctb] (Copy of R-project homepage cached as example)","Jeroen Ooms <jeroenooms@gmail.com>","CRAN"
"xmlparsedata","1.0.5","Repository","","Parse Data of 'R' Code as an 'XML' Tree","MIT + file LICENSE","https://github.com/r-lib/xmlparsedata#readme","Gábor Csárdi","Gábor Csárdi <csardi.gabor@gmail.com>","CRAN"
"xtable","1.8-4","Repository","","Export Tables to LaTeX or HTML","GPL (>= 2)","http://xtable.r-forge.r-project.org/","David B. Dahl [aut], David Scott [aut, cre], Charles Roosen [aut], Arni Magnusson [aut], Jonathan Swinton [aut], Ajay Shah [ctb], Arne Henningsen [ctb], Benno Puetz [ctb], Bernhard Pfaff [ctb], Claudio Agostinelli [ctb], Claudius Loehnert [ctb], David Mitchell [ctb], David Whiting [ctb], Fernando da Rosa [ctb], Guido Gay [ctb], Guido Schulz [ctb], Ian Fellows [ctb], Jeff Laake [ctb], John Walker [ctb], Jun Yan [ctb], Liviu Andronic [ctb], Markus Loecher [ctb], Martin Gubri [ctb], Matthieu Stigler [ctb], Robert Castelo [ctb], Seth Falcon [ctb], Stefan Edwards [ctb], Sven Garbade [ctb], Uwe Ligges [ctb]","David Scott <d.scott@auckland.ac.nz>","CRAN"
"yaml","2.3.10","Repository","Package","Methods to Convert R Data to YAML and Back","BSD_3_clause + file LICENSE","https://github.com/vubiostat/r-yaml/","Shawn P Garbett [aut], Jeremy Stephens [aut, cre], Kirill Simonov [aut], Yihui Xie [ctb], Zhuoer Dong [ctb], Hadley Wickham [ctb], Jeffrey Horner [ctb], reikoch [ctb], Will Beasley [ctb], Brendan O'Connor [ctb], Gregory R. Warnes [ctb], Michael Quinn [ctb], Zhian N. Kamvar [ctb], Charlie Gao [ctb]","Shawn Garbett <shawn.garbett@vumc.org>","CRAN"
